step,time,x,y,theta,measured_x,measured_y,measured_theta,contact_x,contact_y,lambda1,lambda2,lambda3,lambda4,solve_time_s,iterations,solver_success,physical_mpcc,side_violation
0,0,0,0,0,0,0,0,-0.45808948369149582,0.24999999301292172,6.961157775551184e-09,6.9634483136359316e-09,-72.399730463606872,-6.9881076807740948e-09,0.018625873000000001,136,1,5.0593711253870538e-07,0
1,0.10000000000000001,0.97305715515159652,-0.055834892955896109,3.0269565638432758,0.97305715515159652,-0.055834892955896109,3.0269565638432758,0.49999990269909739,0.24999998549847305,9.8974244674014485e-08,8.2041487008427362e-08,-6.1158679366153841,-6.0902072627944178e-08,0.0083630560000000007,53,1,6.0531340955253112e-07,0
2,0.20000000000000001,1.0043402455411179,0.06457670371587601,2.7478648579508556,1.0043402455411179,0.06457670371587601,2.7478648579508556,0.30650393393579656,-0.24999999402750051,82.151525759412948,3.358337453282073e-09,-1.2102007890138317e-08,-8.2136695644952265e-09,0.013672818000000002,49,1,9.9419841292731675e-07,0
3,0.30000000000000004,1.9169352661509205,-0.90462381281253124,5.0459737571009882,1.9169352661509205,-0.90462381281253124,5.0459737571009882,0.15236552554538585,0.24999999428207312,1.8161294094046319e-09,6.5892850535606347e-09,-89.559618830711528,-6.6949750839964954e-09,0.001565561,13,1,5.9959941660383702e-07,0
4,0.40000000000000002,0.27609905148745556,-0.41653487771684872,3.8005479281876635,0.27609905148745556,-0.41653487771684872,3.8005479281876635,-0.49999998908961235,-0.073003422831940917,1.0309602410383575e-08,68.319913132863789,-1.3926174282062183e-08,-1.1101668180982143e-08,0.0044225240000000006,33,1,9.5143501722361001e-07,0
5,0.5,-0.59761356159659451,-1.4876631911231391,4.2557554673714098,-0.59761356159659451,-1.4876631911231391,4.2557554673714098,-0.49999998311556915,-0.059519132106467559,1.686020388706092e-08,37.586314512720563,-1.6927461568355665e-08,-1.6729098669122811e-08,0.0036676180000000001,26,1,6.3624089441020614e-07,0
6,0.60000000000000009,-0.86344955853457195,-2.2057737368423624,4.4599317304592461,-0.86344955853457195,-2.2057737368423624,4.4599317304592461,0.26270802043210539,0.24999999659475186,6.8483114343709845e-08,5.5155576017335207e-09,-14.564429235305663,-6.8316902680515295e-09,0.0072339420000000001,30,1,9.974174726723083e-07,0
7,0.70000000000000007,-1.1326147490801555,-2.0832848202954644,4.1107224977920502,-1.1326147490801555,-2.0832848202954644,4.1107224977920502,-0.49999995934521274,-0.033804400733287186,4.3777393774220101e-08,14.669288319812605,-4.535983788526122e-08,-5.0241098534441908e-08,0.0038151000000000001,20,1,7.3700115990584283e-07,0
8,0.80000000000000004,-1.2964232830695279,-2.3338358083884136,4.1559811068925949,-1.2964232830695279,-2.3338358083884136,4.1559811068925949,-0.49999994065752945,-0.020258152638934247,2.0659248523383632e-09,7.6867570279832371,-6.3055427930214499e-08,-7.4836325644281526e-08,0.0016606790000000002,12,1,5.7524865209462322e-07,0
9,0.90000000000000002,-1.3783244939590922,-2.4676296318693427,4.1701933291740438,-1.3783244939590922,-2.4676296318693427,4.1701933291740438,-0.49999996109482497,-0.027198344840953376,1.8161896946415529e-08,4.0499861762089244,-1.3758368442891024e-09,-6.2432169428119347e-08,0.0014051060000000002,10,1,2.5284942313461679e-07,0
10,1,-1.4206182131059193,-2.538641359528564,4.1802467739032583,-1.4206182131059193,-2.538641359528564,4.1802467739032583,-0.49999971793484249,-0.024709832988860488,2.1182359172515489e-07,2.1350706529444352,-2.9321334497611894e-07,-3.9326401677987083e-07,0.0016602920000000001,12,1,8.3964646108575018e-07,0
11,1.1000000000000001,-1.442635752497887,-2.5762421392060117,4.1850618287009738,-1.442635752497887,-2.5762421392060117,4.1850618287009738,-0.49999955392067641,-0.02061933039880497,4.0996423994402836e-07,1.1418005335144306,-7.3258596677488427e-07,-2.7865634440826862e-07,0.0015652940000000001,10,1,8.3646704770874778e-07,0
12,1.2000000000000002,-1.454340295993948,-2.5963913029909218,4.1872105821498522,-1.454340295993948,-2.5963913029909218,4.1872105821498522,-0.49999914270207146,-0.015442249152759791,4.7190298868703813e-07,0.63570403646245921,-6.8845576130055745e-07,-3.9539422687182685e-07,0.0011534200000000001,11,1,5.4498775362120794e-07,0
13,1.3,-1.4608397817673653,-2.6076193709206632,4.1881065428535074,-1.4608397817673653,-2.6076193709206632,4.1881065428535074,-0.49999879153206378,-0.026984219069346886,1.3900945096524874e-06,0.40228326443804863,-1.0814142879342621e-06,-6.1809166530654228e-07,0.0015992640000000002,12,1,6.1809091836258319e-07,0
14,1.4000000000000001,-1.4649460398254848,-2.6147285392999633,4.1890972696174238,-1.4649460398254848,-2.6147285392999633,4.1890972696174238,0.0020230212642513463,0.24999935870519219,2.0053300771449382e-08,1.9500050046881241e-08,-0.91409845147760316,-2.9370021755358583e-07,0.001983561,11,1,5.8620659076223454e-07,0
15,1.5,-1.4811038782155537,-2.6054045972407374,4.1889284992367486,-1.4811038782155537,-2.6054045972407374,4.1889284992367486,0.0016918508797991107,0.24999902225985723,6.722812037516473e-07,5.8381858735421097e-07,-0.50517984360388568,-5.9623717094504011e-07,0.008073752,29,1,4.9393461240764162e-07,0
16,1.6000000000000001,-1.5593160466935012,-2.4992660298417384,4.2245954042463127,-1.5593160466935012,-2.4992660298417384,4.2245954042463127,-0.49999967594890693,0.19698814916649934,1.9733169410438496e-08,1.567763238858952,-2.424764689154742e-07,-2.6744041058386169e-07,0.0063878250000000006,39,1,5.0803539122753624e-07,0
17,1.7000000000000002,-1.5747077892540264,-2.5273145043698739,4.1964090267768404,-1.5747077892540264,-2.5273145043698739,4.1964090267768404,-0.49999866532978232,0.14037527129255944,3.0422281040384016e-08,0.70682976942867781,-8.2775776024961109e-09,-2.4999331709163354e-08,0.0089430159999999998,62,1,9.433846422251129e-07,0
18,1.8,-1.5818816647085736,-2.5398291960305577,4.1873532774589082,-1.5818816647085736,-2.5398291960305577,4.1873532774589082,0.0069180338280308666,-0.24999985700721902,3.1375164298099256,4.2601625971711958e-08,-4.9590873420480502e-08,-3.9879536685058398e-08,0.001781819,11,1,4.4864219965976694e-07,0
19,1.9000000000000001,-1.5264435453517964,-2.5718694159975333,4.1893342917774143,-1.5264435453517964,-2.5718694159975333,4.1893342917774143,-0.49999836731721747,0.012417515450262512,8.647803055684313e-07,0.24721247523684695,-7.4989187337656212e-07,-5.763219186753132e-07,0.0022052810000000003,11,1,5.7632097772443939e-07,0
20,2,-1.5289643483435826,-2.5762396560073295,4.1890541156525449,-1.5289643483435826,-2.5762396560073295,4.1890541156525449,-0.49999672860461092,0.027231562413329538,1.4123284097087292e-06,0.15250060133617399,-1.8147422395553516e-06,-5.1322988708727267e-07,0.0054646970000000001,20,1,5.1322820810938653e-07,0
21,2.1000000000000001,-1.5305202782336313,-2.5789350523712118,4.1886751145006782,-1.5305202782336313,-2.5789350523712118,4.1886751145006782,0.00060083100137803681,-0.24999996939832603,0.93867074318041543,4.2123386040383661e-07,-2.6804456970901424e-07,-4.0931125304963374e-07,0.0013109430000000002,9,1,3.9539990079802469e-07,0
22,2.2000000000000002,-1.513931083717843,-2.5885148050737934,4.1887265883567624,-1.513931083717843,-2.5885148050737934,4.1887265883567624,-0.013009529078374677,-0.24999873745635751,0.59781454975908277,2.8600520808065647e-07,-6.4087623423748035e-07,-6.2188520180078021e-07,0.0012560750000000002,9,1,7.5476695918874738e-07,0
23,2.3000000000000003,-1.5033678787688938,-2.5946193624773506,4.1880167635087071,-1.5033678787688938,-2.5946193624773506,4.1880167635087071,-0.49999827373294981,-0.21263779138488847,5.270929716823878e-06,0.051227804275828445,-9.7131080519281566e-07,-8.0125815438209433e-07,0.0013143710000000002,9,1,8.0125677119654367e-07,0
24,2.4000000000000004,-1.5038907775688863,-2.5955246472172964,4.1890107319562118,-1.5038907775688863,-2.5955246472172964,4.1890107319562118,0.49784715233719695,0.24727545329805883,7.3332241457119881e-07,6.0501040824008481e-07,-0.00016457018554352909,-0.00025993535382202933,0.0021608630000000003,12,1,6.0370791299673368e-07,0
25,2.5,-1.5038910283660765,-2.5955183920661948,4.1890091402694027,-1.5038910283660765,-2.5955183920661948,4.1890091402694027,-0.49939142965318911,0.2445594308686215,1.5237343702290981e-06,0.001146701562772405,-0.00011422868226002406,-6.2841785051398091e-07,0.001306553,9,1,7.5357720293546019e-07,0
26,2.6000000000000001,-1.5039047109479804,-2.5955375005546801,4.1889886963004583,-1.5039047109479804,-2.5955375005546801,4.1889886963004583,-0.032276041442443747,-0.24999713655328124,0.22053854229715064,2.1130286042409876e-06,-1.093146800181446e-06,-1.225820708065501e-06,0.001275733,12,1,9.8831410332094263e-07,0
27,2.7000000000000002,-1.5000072281892332,-2.5977883906969721,4.1883390634226023,-1.5000072281892332,-2.5977883906969721,4.1883390634226023,-0.49922276913363756,0.24891217693834961,1.5096351991822593e-06,0.0011397323072899976,-0.00087274420863012962,-4.6787395455591044e-07,0.0023569430000000002,14,1,9.9469477057600068e-07,0
